run_id,timestamp,scenario,parameter_name,value,unit,description,source,details_json
ped_healthy_8yo_20260521_2108,2026-05-21 21:08:27,Healthy_Pediatric_8yo,idx.V_lv,1,state index,"State vector index for ""idx.V_lv"".",payload struct,
ped_healthy_8yo_20260521_2108,2026-05-21 21:08:27,Healthy_Pediatric_8yo,idx.V_rv,2,state index,"State vector index for ""idx.V_rv"".",payload struct,
ped_healthy_8yo_20260521_2108,2026-05-21 21:08:27,Healthy_Pediatric_8yo,idx.V_la,3,state index,"State vector index for ""idx.V_la"".",payload struct,
ped_healthy_8yo_20260521_2108,2026-05-21 21:08:27,Healthy_Pediatric_8yo,idx.V_ra,4,state index,"State vector index for ""idx.V_ra"".",payload struct,
ped_healthy_8yo_20260521_2108,2026-05-21 21:08:27,Healthy_Pediatric_8yo,idx.P_sa,5,state index,"State vector index for ""idx.P_sa"".",payload struct,
ped_healthy_8yo_20260521_2108,2026-05-21 21:08:27,Healthy_Pediatric_8yo,idx.P_sc,6,state index,"State vector index for ""idx.P_sc"".",payload struct,
ped_healthy_8yo_20260521_2108,2026-05-21 21:08:27,Healthy_Pediatric_8yo,idx.P_sv,7,state index,"State vector index for ""idx.P_sv"".",payload struct,
ped_healthy_8yo_20260521_2108,2026-05-21 21:08:27,Healthy_Pediatric_8yo,idx.P_pa,8,state index,"State vector index for ""idx.P_pa"".",payload struct,
ped_healthy_8yo_20260521_2108,2026-05-21 21:08:27,Healthy_Pediatric_8yo,idx.P_pc,9,state index,"State vector index for ""idx.P_pc"".",payload struct,
ped_healthy_8yo_20260521_2108,2026-05-21 21:08:27,Healthy_Pediatric_8yo,idx.P_pv,10,state index,"State vector index for ""idx.P_pv"".",payload struct,
ped_healthy_8yo_20260521_2108,2026-05-21 21:08:27,Healthy_Pediatric_8yo,idx.Q_sa,11,state index,"State vector index for ""idx.Q_sa"".",payload struct,
ped_healthy_8yo_20260521_2108,2026-05-21 21:08:27,Healthy_Pediatric_8yo,idx.Q_sv,12,state index,"State vector index for ""idx.Q_sv"".",payload struct,
ped_healthy_8yo_20260521_2108,2026-05-21 21:08:27,Healthy_Pediatric_8yo,idx.Q_pa,13,state index,"State vector index for ""idx.Q_pa"".",payload struct,
ped_healthy_8yo_20260521_2108,2026-05-21 21:08:27,Healthy_Pediatric_8yo,idx.Q_pv,14,state index,"State vector index for ""idx.Q_pv"".",payload struct,
ped_healthy_8yo_20260521_2108,2026-05-21 21:08:27,Healthy_Pediatric_8yo,n_state,14,dimensionless,"Exported field ""n_state""; verify definition in source function.",payload struct,
ped_healthy_8yo_20260521_2108,2026-05-21 21:08:27,Healthy_Pediatric_8yo,height_cm,170,cm,"Exported field ""height_cm""; verify definition in source function.",payload struct,
ped_healthy_8yo_20260521_2108,2026-05-21 21:08:27,Healthy_Pediatric_8yo,weight_kg,70,kg,"Exported field ""weight_kg""; verify definition in source function.",payload struct,
ped_healthy_8yo_20260521_2108,2026-05-21 21:08:27,Healthy_Pediatric_8yo,BSA,1.73,m^2,"Exported field ""BSA""; verify definition in source function.",payload struct,
ped_healthy_8yo_20260521_2108,2026-05-21 21:08:27,Healthy_Pediatric_8yo,age_years,30,years,"Exported field ""age_years""; verify definition in source function.",payload struct,
ped_healthy_8yo_20260521_2108,2026-05-21 21:08:27,Healthy_Pediatric_8yo,L_aorta,40,cm,"Exported field ""L_aorta""; verify definition in source function.",payload struct,
ped_healthy_8yo_20260521_2108,2026-05-21 21:08:27,Healthy_Pediatric_8yo,r_aorta,12,mm,"Exported field ""r_aorta""; verify definition in source function.",payload struct,
ped_healthy_8yo_20260521_2108,2026-05-21 21:08:27,Healthy_Pediatric_8yo,h_aorta,1.5,mm,"Exported field ""h_aorta""; verify definition in source function.",payload struct,
ped_healthy_8yo_20260521_2108,2026-05-21 21:08:27,Healthy_Pediatric_8yo,N_capillary,1000000000,dimensionless,"Exported field ""N_capillary""; verify definition in source function.",payload struct,
ped_healthy_8yo_20260521_2108,2026-05-21 21:08:27,Healthy_Pediatric_8yo,P_ao_mean,90,mmHg,"Exported field ""P_ao_mean""; verify definition in source function.",payload struct,
ped_healthy_8yo_20260521_2108,2026-05-21 21:08:27,Healthy_Pediatric_8yo,E_arterial,1000,not specified by caller,"Exported field ""E_arterial""; verify definition in source function.",payload struct,
ped_healthy_8yo_20260521_2108,2026-05-21 21:08:27,Healthy_Pediatric_8yo,V_blood,2240,mL,"Exported field ""V_blood""; verify definition in source function.",payload struct,
ped_healthy_8yo_20260521_2108,2026-05-21 21:08:27,Healthy_Pediatric_8yo,C_lung,200,mL/mmHg,"Exported field ""C_lung""; verify definition in source function.",payload struct,
ped_healthy_8yo_20260521_2108,2026-05-21 21:08:27,Healthy_Pediatric_8yo,R_airway,1.5,mmHg*s/mL,"Exported field ""R_airway""; verify definition in source function.",payload struct,
ped_healthy_8yo_20260521_2108,2026-05-21 21:08:27,Healthy_Pediatric_8yo,T_cardiac,0.72289156626506,s,"Exported field ""T_cardiac""; verify definition in source function.",payload struct,
ped_healthy_8yo_20260521_2108,2026-05-21 21:08:27,Healthy_Pediatric_8yo,HR,83,bpm,"Exported field ""HR""; verify definition in source function.",payload struct,
ped_healthy_8yo_20260521_2108,2026-05-21 21:08:27,Healthy_Pediatric_8yo,n_cycles,50,dimensionless,"Exported field ""n_cycles""; verify definition in source function.",payload struct,
ped_healthy_8yo_20260521_2108,2026-05-21 21:08:27,Healthy_Pediatric_8yo,n_warmup,40,dimensionless,"Exported field ""n_warmup""; verify definition in source function.",payload struct,
ped_healthy_8yo_20260521_2108,2026-05-21 21:08:27,Healthy_Pediatric_8yo,Emax_lv,4.09540622985071,mmHg/mL,"Exported field ""Emax_lv""; verify definition in source function.",payload struct,
ped_healthy_8yo_20260521_2108,2026-05-21 21:08:27,Healthy_Pediatric_8yo,Emin_lv,0.102052376258468,mmHg/mL,"Exported field ""Emin_lv""; verify definition in source function.",payload struct,
ped_healthy_8yo_20260521_2108,2026-05-21 21:08:27,Healthy_Pediatric_8yo,V0_lv,1.89173696691178,mL,"Exported field ""V0_lv""; verify definition in source function.",payload struct,
ped_healthy_8yo_20260521_2108,2026-05-21 21:08:27,Healthy_Pediatric_8yo,Emax_rv,0.847667068653154,mmHg/mL,"Exported field ""Emax_rv""; verify definition in source function.",payload struct,
ped_healthy_8yo_20260521_2108,2026-05-21 21:08:27,Healthy_Pediatric_8yo,Emin_rv,0.0742219518590508,mmHg/mL,"Exported field ""Emin_rv""; verify definition in source function.",payload struct,
ped_healthy_8yo_20260521_2108,2026-05-21 21:08:27,Healthy_Pediatric_8yo,V0_rv,4.49435217174998,mL,"Exported field ""V0_rv""; verify definition in source function.",payload struct,
ped_healthy_8yo_20260521_2108,2026-05-21 21:08:27,Healthy_Pediatric_8yo,Emax_la,0.961362964753688,mmHg/mL,"Exported field ""Emax_la""; verify definition in source function.",payload struct,
ped_healthy_8yo_20260521_2108,2026-05-21 21:08:27,Healthy_Pediatric_8yo,Emin_la,0.399335385359224,mmHg/mL,"Exported field ""Emin_la""; verify definition in source function.",payload struct,
ped_healthy_8yo_20260521_2108,2026-05-21 21:08:27,Healthy_Pediatric_8yo,V0_la,1.23415989490345,mL,"Exported field ""V0_la""; verify definition in source function.",payload struct,
ped_healthy_8yo_20260521_2108,2026-05-21 21:08:27,Healthy_Pediatric_8yo,Emax_ra,0.577385773234667,mmHg/mL,"Exported field ""Emax_ra""; verify definition in source function.",payload struct,
ped_healthy_8yo_20260521_2108,2026-05-21 21:08:27,Healthy_Pediatric_8yo,Emin_ra,0.350748366918256,mmHg/mL,"Exported field ""Emin_ra""; verify definition in source function.",payload struct,
ped_healthy_8yo_20260521_2108,2026-05-21 21:08:27,Healthy_Pediatric_8yo,V0_ra,1.89173696691178,mL,"Exported field ""V0_ra""; verify definition in source function.",payload struct,
ped_healthy_8yo_20260521_2108,2026-05-21 21:08:27,Healthy_Pediatric_8yo,R_sa,0.857306839814605,mmHg*s/mL,"Exported field ""R_sa""; verify definition in source function.",payload struct,
ped_healthy_8yo_20260521_2108,2026-05-21 21:08:27,Healthy_Pediatric_8yo,R_sc,0.0314727768972711,mmHg*s/mL,"Exported field ""R_sc""; verify definition in source function.",payload struct,
ped_healthy_8yo_20260521_2108,2026-05-21 21:08:27,Healthy_Pediatric_8yo,R_sv,0.521548874297635,mmHg*s/mL,"Exported field ""R_sv""; verify definition in source function.",payload struct,
ped_healthy_8yo_20260521_2108,2026-05-21 21:08:27,Healthy_Pediatric_8yo,C_sa,0.913028571428574,mL/mmHg,"Exported field ""C_sa""; verify definition in source function.",payload struct,
ped_healthy_8yo_20260521_2108,2026-05-21 21:08:27,Healthy_Pediatric_8yo,C_sc,0.127913142857143,mL/mmHg,"Exported field ""C_sc""; verify definition in source function.",payload struct,
ped_healthy_8yo_20260521_2108,2026-05-21 21:08:27,Healthy_Pediatric_8yo,C_sv,34.2857142857144,mL/mmHg,"Exported field ""C_sv""; verify definition in source function.",payload struct,
ped_healthy_8yo_20260521_2108,2026-05-21 21:08:27,Healthy_Pediatric_8yo,L_sa,0.00029643,mmHg*s^2/mL,"Exported field ""L_sa""; verify definition in source function.",payload struct,
ped_healthy_8yo_20260521_2108,2026-05-21 21:08:27,Healthy_Pediatric_8yo,L_sv,2.0643e-05,mmHg*s^2/mL,"Exported field ""L_sv""; verify definition in source function.",payload struct,
ped_healthy_8yo_20260521_2108,2026-05-21 21:08:27,Healthy_Pediatric_8yo,R_pa,0.0617492744882135,mmHg*s/mL,"Exported field ""R_pa""; verify definition in source function.",payload struct,
ped_healthy_8yo_20260521_2108,2026-05-21 21:08:27,Healthy_Pediatric_8yo,R_pc,0.0151674898595839,mmHg*s/mL,"Exported field ""R_pc""; verify definition in source function.",payload struct,
ped_healthy_8yo_20260521_2108,2026-05-21 21:08:27,Healthy_Pediatric_8yo,R_sh,0.30419733625328,mmHg*s/mL,"Exported field ""R_sh""; verify definition in source function.",payload struct,
ped_healthy_8yo_20260521_2108,2026-05-21 21:08:27,Healthy_Pediatric_8yo,R_pv,0.0324313416429693,mmHg*s/mL,"Exported field ""R_pv""; verify definition in source function.",payload struct,
ped_healthy_8yo_20260521_2108,2026-05-21 21:08:27,Healthy_Pediatric_8yo,C_pa,2.74482285714286,mL/mmHg,"Exported field ""C_pa""; verify definition in source function.",payload struct,
ped_healthy_8yo_20260521_2108,2026-05-21 21:08:27,Healthy_Pediatric_8yo,C_pc,2.64242285714286,mL/mmHg,"Exported field ""C_pc""; verify definition in source function.",payload struct,
ped_healthy_8yo_20260521_2108,2026-05-21 21:08:27,Healthy_Pediatric_8yo,C_sh,0.0224196571428571,mL/mmHg,"Exported field ""C_sh""; verify definition in source function.",payload struct,
ped_healthy_8yo_20260521_2108,2026-05-21 21:08:27,Healthy_Pediatric_8yo,C_pv,5.20274285714286,mL/mmHg,"Exported field ""C_pv""; verify definition in source function.",payload struct,
ped_healthy_8yo_20260521_2108,2026-05-21 21:08:27,Healthy_Pediatric_8yo,L_pa,2.0643e-05,mmHg*s^2/mL,"Exported field ""L_pa""; verify definition in source function.",payload struct,
ped_healthy_8yo_20260521_2108,2026-05-21 21:08:27,Healthy_Pediatric_8yo,L_pv,2.0643e-05,mmHg*s^2/mL,"Exported field ""L_pv""; verify definition in source function.",payload struct,
ped_healthy_8yo_20260521_2108,2026-05-21 21:08:27,Healthy_Pediatric_8yo,R_mv_min,0.0127177572544774,mmHg*s/mL,"Exported field ""R_mv_min""; verify definition in source function.",payload struct,
ped_healthy_8yo_20260521_2108,2026-05-21 21:08:27,Healthy_Pediatric_8yo,R_mv_max,94168,mmHg*s/mL,"Exported field ""R_mv_max""; verify definition in source function.",payload struct,
ped_healthy_8yo_20260521_2108,2026-05-21 21:08:27,Healthy_Pediatric_8yo,R_ao_min,0.0127177572544774,mmHg*s/mL,"Exported field ""R_ao_min""; verify definition in source function.",payload struct,
ped_healthy_8yo_20260521_2108,2026-05-21 21:08:27,Healthy_Pediatric_8yo,R_ao_max,94168,mmHg*s/mL,"Exported field ""R_ao_max""; verify definition in source function.",payload struct,
ped_healthy_8yo_20260521_2108,2026-05-21 21:08:27,Healthy_Pediatric_8yo,R_tv_min,0.0127177572544774,mmHg*s/mL,"Exported field ""R_tv_min""; verify definition in source function.",payload struct,
ped_healthy_8yo_20260521_2108,2026-05-21 21:08:27,Healthy_Pediatric_8yo,R_tv_max,94168,mmHg*s/mL,"Exported field ""R_tv_max""; verify definition in source function.",payload struct,
ped_healthy_8yo_20260521_2108,2026-05-21 21:08:27,Healthy_Pediatric_8yo,R_pv_valve_min,0.0127177572544774,mmHg*s/mL,"Exported field ""R_pv_valve_min""; verify definition in source function.",payload struct,
ped_healthy_8yo_20260521_2108,2026-05-21 21:08:27,Healthy_Pediatric_8yo,R_pv_valve_max,94168,mmHg*s/mL,"Exported field ""R_pv_valve_max""; verify definition in source function.",payload struct,
ped_healthy_8yo_20260521_2108,2026-05-21 21:08:27,Healthy_Pediatric_8yo,valve_smoothing_pressure,1e-06,not specified by caller,"Exported field ""valve_smoothing_pressure""; verify definition in source function.",payload struct,
ped_healthy_8yo_20260521_2108,2026-05-21 21:08:27,Healthy_Pediatric_8yo,R_ASD,Inf,mmHg*s/mL,"Exported field ""R_ASD""; verify definition in source function.",payload struct,
ped_healthy_8yo_20260521_2108,2026-05-21 21:08:27,Healthy_Pediatric_8yo,is_post_op,1,not specified by caller,"Exported field ""is_post_op""; verify definition in source function.",payload struct,
ped_healthy_8yo_20260521_2108,2026-05-21 21:08:27,Healthy_Pediatric_8yo,epsilon_asd,0.1,not specified by caller,"Exported field ""epsilon_asd""; verify definition in source function.",payload struct,
ped_healthy_8yo_20260521_2108,2026-05-21 21:08:27,Healthy_Pediatric_8yo,asd.mode,closed,not specified by caller,"Exported field ""asd.mode""; verify definition in source function.",payload struct,
ped_healthy_8yo_20260521_2108,2026-05-21 21:08:27,Healthy_Pediatric_8yo,asd.area_mm2,0,not specified by caller,"Exported field ""asd.area_mm2""; verify definition in source function.",payload struct,
ped_healthy_8yo_20260521_2108,2026-05-21 21:08:27,Healthy_Pediatric_8yo,asd.diameter_mm,0,not specified by caller,"Exported field ""asd.diameter_mm""; verify definition in source function.",payload struct,
ped_healthy_8yo_20260521_2108,2026-05-21 21:08:27,Healthy_Pediatric_8yo,asd.Cd,0.7,not specified by caller,"Exported field ""asd.Cd""; verify definition in source function.",payload struct,
ped_healthy_8yo_20260521_2108,2026-05-21 21:08:27,Healthy_Pediatric_8yo,asd.rho_blood,1060,not specified by caller,"Exported field ""asd.rho_blood""; verify definition in source function.",payload struct,
ped_healthy_8yo_20260521_2108,2026-05-21 21:08:27,Healthy_Pediatric_8yo,asd.is_closed,1,not specified by caller,"Exported field ""asd.is_closed""; verify definition in source function.",payload struct,
ped_healthy_8yo_20260521_2108,2026-05-21 21:08:27,Healthy_Pediatric_8yo,R.asd,Inf,not specified by caller,"Exported field ""R.asd""; verify definition in source function.",payload struct,
ped_healthy_8yo_20260521_2108,2026-05-21 21:08:27,Healthy_Pediatric_8yo,t_on_lv,0,s,"Exported field ""t_on_lv""; verify definition in source function.",payload struct,
ped_healthy_8yo_20260521_2108,2026-05-21 21:08:27,Healthy_Pediatric_8yo,T_sys_lv,0.191566265060241,s,"Exported field ""T_sys_lv""; verify definition in source function.",payload struct,
ped_healthy_8yo_20260521_2108,2026-05-21 21:08:27,Healthy_Pediatric_8yo,T_rel_lv,0.289156626506024,s,"Exported field ""T_rel_lv""; verify definition in source function.",payload struct,
ped_healthy_8yo_20260521_2108,2026-05-21 21:08:27,Healthy_Pediatric_8yo,t_on_rv,0,s,"Exported field ""t_on_rv""; verify definition in source function.",payload struct,
ped_healthy_8yo_20260521_2108,2026-05-21 21:08:27,Healthy_Pediatric_8yo,T_sys_rv,0.216867469879518,s,"Exported field ""T_sys_rv""; verify definition in source function.",payload struct,
ped_healthy_8yo_20260521_2108,2026-05-21 21:08:27,Healthy_Pediatric_8yo,T_rel_rv,0.289156626506024,s,"Exported field ""T_rel_rv""; verify definition in source function.",payload struct,
ped_healthy_8yo_20260521_2108,2026-05-21 21:08:27,Healthy_Pediatric_8yo,t_on_la,0.542168674698795,s,"Exported field ""t_on_la""; verify definition in source function.",payload struct,
ped_healthy_8yo_20260521_2108,2026-05-21 21:08:27,Healthy_Pediatric_8yo,T_sys_la,0.072289156626506,s,"Exported field ""T_sys_la""; verify definition in source function.",payload struct,
ped_healthy_8yo_20260521_2108,2026-05-21 21:08:27,Healthy_Pediatric_8yo,T_rel_la,0.108433734939759,s,"Exported field ""T_rel_la""; verify definition in source function.",payload struct,
ped_healthy_8yo_20260521_2108,2026-05-21 21:08:27,Healthy_Pediatric_8yo,t_on_ra,0.578313253012048,s,"Exported field ""t_on_ra""; verify definition in source function.",payload struct,
ped_healthy_8yo_20260521_2108,2026-05-21 21:08:27,Healthy_Pediatric_8yo,T_sys_ra,0.072289156626506,s,"Exported field ""T_sys_ra""; verify definition in source function.",payload struct,
ped_healthy_8yo_20260521_2108,2026-05-21 21:08:27,Healthy_Pediatric_8yo,T_rel_ra,0.072289156626506,s,"Exported field ""T_rel_ra""; verify definition in source function.",payload struct,
ped_healthy_8yo_20260521_2108,2026-05-21 21:08:27,Healthy_Pediatric_8yo,scaling.reference_weight_kg,70,not specified by caller,"Exported field ""scaling.reference_weight_kg""; verify definition in source function.",payload struct,
ped_healthy_8yo_20260521_2108,2026-05-21 21:08:27,Healthy_Pediatric_8yo,scaling.weight_ratio,0.457142857142857,not specified by caller,"Exported field ""scaling.weight_ratio""; verify definition in source function.",payload struct,
ped_healthy_8yo_20260521_2108,2026-05-21 21:08:27,Healthy_Pediatric_8yo,scaling.BSA_ref,1.73,not specified by caller,"Exported field ""scaling.BSA_ref""; verify definition in source function.",payload struct,
ped_healthy_8yo_20260521_2108,2026-05-21 21:08:27,Healthy_Pediatric_8yo,scaling.BSA_patient,1.10352969048312,not specified by caller,"Exported field ""scaling.BSA_patient""; verify definition in source function.",payload struct,
ped_healthy_8yo_20260521_2108,2026-05-21 21:08:27,Healthy_Pediatric_8yo,scaling.patient.age_years,8,years,"Exported field ""scaling.patient.age_years""; verify definition in source function.",payload struct,
ped_healthy_8yo_20260521_2108,2026-05-21 21:08:27,Healthy_Pediatric_8yo,scaling.patient.age_days,2922,not specified by caller,"Exported field ""scaling.patient.age_days""; verify definition in source function.",payload struct,
ped_healthy_8yo_20260521_2108,2026-05-21 21:08:27,Healthy_Pediatric_8yo,scaling.patient.weight_kg,32,kg,"Exported field ""scaling.patient.weight_kg""; verify definition in source function.",payload struct,
ped_healthy_8yo_20260521_2108,2026-05-21 21:08:27,Healthy_Pediatric_8yo,scaling.patient.height_cm,137,cm,"Exported field ""scaling.patient.height_cm""; verify definition in source function.",payload struct,
ped_healthy_8yo_20260521_2108,2026-05-21 21:08:27,Healthy_Pediatric_8yo,scaling.patient.sex,U,not specified by caller,"Exported field ""scaling.patient.sex""; verify definition in source function.",payload struct,
ped_healthy_8yo_20260521_2108,2026-05-21 21:08:27,Healthy_Pediatric_8yo,scaling.patient.BSA,1.10352969048312,m^2,"Exported field ""scaling.patient.BSA""; verify definition in source function.",payload struct,
ped_healthy_8yo_20260521_2108,2026-05-21 21:08:27,Healthy_Pediatric_8yo,scaling.patient.HR,83,bpm,"Exported field ""scaling.patient.HR""; verify definition in source function.",payload struct,
ped_healthy_8yo_20260521_2108,2026-05-21 21:08:27,Healthy_Pediatric_8yo,scaling.patient.patient_id,healthy_pediatric_8yo,not specified by caller,"Exported field ""scaling.patient.patient_id""; verify definition in source function.",payload struct,
ped_healthy_8yo_20260521_2108,2026-05-21 21:08:27,Healthy_Pediatric_8yo,scaling.patient.patient_name,Healthy pediatric 8yo scaling validation,not specified by caller,"Exported field ""scaling.patient.patient_name""; verify definition in source function.",payload struct,
ped_healthy_8yo_20260521_2108,2026-05-21 21:08:27,Healthy_Pediatric_8yo,scaling.patient.maturation_mode,normal,not specified by caller,"Exported field ""scaling.patient.maturation_mode""; verify definition in source function.",payload struct,
ped_healthy_8yo_20260521_2108,2026-05-21 21:08:27,Healthy_Pediatric_8yo,scaling.zhang_exponents.HR,-0.3,bpm,"Exported field ""scaling.zhang_exponents.HR""; verify definition in source function.",payload struct,
ped_healthy_8yo_20260521_2108,2026-05-21 21:08:27,Healthy_Pediatric_8yo,scaling.zhang_exponents.E_left,-0.5,not specified by caller,"Exported field ""scaling.zhang_exponents.E_left""; verify definition in source function.",payload struct,
ped_healthy_8yo_20260521_2108,2026-05-21 21:08:27,Healthy_Pediatric_8yo,scaling.zhang_exponents.E_right,-0.75,not specified by caller,"Exported field ""scaling.zhang_exponents.E_right""; verify definition in source function.",payload struct,
ped_healthy_8yo_20260521_2108,2026-05-21 21:08:27,Healthy_Pediatric_8yo,scaling.zhang_exponents.V0,0.8,not specified by caller,"Exported field ""scaling.zhang_exponents.V0""; verify definition in source function.",payload struct,
ped_healthy_8yo_20260521_2108,2026-05-21 21:08:27,Healthy_Pediatric_8yo,scaling.zhang_exponents.R_systemic,-0.475,mmHg*s/mL,"Exported field ""scaling.zhang_exponents.R_systemic""; verify definition in source function.",payload struct,
ped_healthy_8yo_20260521_2108,2026-05-21 21:08:27,Healthy_Pediatric_8yo,scaling.zhang_exponents.R_pulmonary,-0.7,mmHg*s/mL,"Exported field ""scaling.zhang_exponents.R_pulmonary""; verify definition in source function.",payload struct,
ped_healthy_8yo_20260521_2108,2026-05-21 21:08:27,Healthy_Pediatric_8yo,scaling.zhang_exponents.C,1,not specified by caller,"Exported field ""scaling.zhang_exponents.C""; verify definition in source function.",payload struct,
ped_healthy_8yo_20260521_2108,2026-05-21 21:08:27,Healthy_Pediatric_8yo,scaling.zhang_exponents.R_valve_open,-0.9,mmHg*s/mL,"Exported field ""scaling.zhang_exponents.R_valve_open""; verify definition in source function.",payload struct,
ped_healthy_8yo_20260521_2108,2026-05-21 21:08:27,Healthy_Pediatric_8yo,scaling.mode,zhang,not specified by caller,"Exported field ""scaling.mode""; verify definition in source function.",payload struct,
ped_healthy_8yo_20260521_2108,2026-05-21 21:08:27,Healthy_Pediatric_8yo,scaling.age_days,2922,not specified by caller,"Exported field ""scaling.age_days""; verify definition in source function.",payload struct,
ped_healthy_8yo_20260521_2108,2026-05-21 21:08:27,Healthy_Pediatric_8yo,scaling.maturation_mode,normal,not specified by caller,"Exported field ""scaling.maturation_mode""; verify definition in source function.",payload struct,
ped_healthy_8yo_20260521_2108,2026-05-21 21:08:27,Healthy_Pediatric_8yo,maturation.mode,normal,not specified by caller,"Exported field ""maturation.mode""; verify definition in source function.",payload struct,
ped_healthy_8yo_20260521_2108,2026-05-21 21:08:27,Healthy_Pediatric_8yo,maturation.age_days,2922,not specified by caller,"Exported field ""maturation.age_days""; verify definition in source function.",payload struct,
ped_healthy_8yo_20260521_2108,2026-05-21 21:08:27,Healthy_Pediatric_8yo,maturation.pvr_factor,1,not specified by caller,"Exported field ""maturation.pvr_factor""; verify definition in source function.",payload struct,
ped_healthy_8yo_20260521_2108,2026-05-21 21:08:27,Healthy_Pediatric_8yo,maturation.svr_factor,0.999999999999998,not specified by caller,"Exported field ""maturation.svr_factor""; verify definition in source function.",payload struct,
ped_healthy_8yo_20260521_2108,2026-05-21 21:08:27,Healthy_Pediatric_8yo,maturation.pvr_reference_age_days,2922,not specified by caller,"Exported field ""maturation.pvr_reference_age_days""; verify definition in source function.",payload struct,
ped_healthy_8yo_20260521_2108,2026-05-21 21:08:27,Healthy_Pediatric_8yo,forward_seed.pulmonary_resistance_scale,0.5,not specified by caller,"Exported field ""forward_seed.pulmonary_resistance_scale""; verify definition in source function.",payload struct,
ped_healthy_8yo_20260521_2108,2026-05-21 21:08:27,Healthy_Pediatric_8yo,forward_seed.systemic_arterial_compliance_scale,1.5,not specified by caller,"Exported field ""forward_seed.systemic_arterial_compliance_scale""; verify definition in source function.",payload struct,
ped_healthy_8yo_20260521_2108,2026-05-21 21:08:27,Healthy_Pediatric_8yo,forward_seed.P_SVEN_seed_mmHg,38,mmHg,"Exported field ""forward_seed.P_SVEN_seed_mmHg""; verify definition in source function.",payload struct,
